Workbook

Sheet Fiber Fill Calculator
B2: Fiber Optic Conduit Fill Calculator
B3: For flat-drop, figure-8/messenger, and round fiber cable in conduit or innerduct.
B5: 1. Select Conduit / Innerduct
B6: Conduit (type & trade size) | C6: PVC Schedule 40 — 1"
B7: Conduit internal area (100%), sq in | C7: =IFERROR(INDEX('Conduit Data'!$D$2:$D$200,MATCH($C$6,'Conduit Data'!$A$2:$A$200,0)),"Select conduit") -> 0.832
B8: Max fill basis | C8: Flat 40% (typical telecom/innerduct guideline)
B9: Custom fill % (only used if basis = Custom) | C9: 0.4
B11: 2. Enter Fiber Cables
B12: Pick a cable from the library, or choose "Custom (enter shape & dimensions at right)" and fill in the orange cells with the exact cross-section from your cable's datasheet — flat-drop dimensions vary by manufacturer and fiber count, so "Custom" is the most reliable option.
B14: # | C14: Cable (from library or Custom) | D14: Shape (if Custom) | E14: Dim 1 - width/dia (in) | F14: Dim 2 - height (in) | G14: Quantity | H14: Unit Area (sq in) | I14: Total Area (sq in)
B15: 1 | C15: Flat Drop, 2F, approx. 2.0mm x 5.0mm (example) | G15: 4 | H15: =IF(C15="","",IF(C15="Custom (enter shape & dimensions at right)",IF(D15="Round",PI()*(E15/2)^2,IF(D15="Flat / Oval (elliptical)",PI()*(E15/2)*(F15/2),IF(D15="Flat (rectangular estimate)",E15*F15,""))),IFERROR(INDEX('Fiber Cable Library'!$E$2:$E$200,MATCH(C15,'Fiber Cable Library'!$A$2:$A$200,0)),""))) -> 0.012223152 | I15: =IF(AND(C15<>"",H15<>"",G15<>""),H15*G15,"") -> 0.048892606
B16: 2 | C16: Custom (enter shape & dimensions at right) | D16: Flat / Oval (elliptical) | E16: 0.2 | F16: 0.35 | G16: 2 | H16: =IF(C16="","",IF(C16="Custom (enter shape & dimensions at right)",IF(D16="Round",PI()*(E16/2)^2,IF(D16="Flat / Oval (elliptical)",PI()*(E16/2)*(F16/2),IF(D16="Flat (rectangular estimate)",E16*F16,""))),IFERROR(INDEX('Fiber Cable Library'!$E$2:$E$200,MATCH(C16,'Fiber Cable Library'!$A$2:$A$200,0)),""))) -> 0.054977871 | I16: =IF(AND(C16<>"",H16<>"",G16<>""),H16*G16,"") -> 0.10995574
B17: 3 | H17: =IF(C17="","",IF(C17="Custom (enter shape & dimensions at right)",IF(D17="Round",PI()*(E17/2)^2,IF(D17="Flat / Oval (elliptical)",PI()*(E17/2)*(F17/2),IF(D17="Flat (rectangular estimate)",E17*F17,""))),IFERROR(INDEX('Fiber Cable Library'!$E$2:$E$200,MATCH(C17,'Fiber Cable Library'!$A$2:$A$200,0)),""))) | I17: =IF(AND(C17<>"",H17<>"",G17<>""),H17*G17,"")
B18: 4 | H18: =IF(C18="","",IF(C18="Custom (enter shape & dimensions at right)",IF(D18="Round",PI()*(E18/2)^2,IF(D18="Flat / Oval (elliptical)",PI()*(E18/2)*(F18/2),IF(D18="Flat (rectangular estimate)",E18*F18,""))),IFERROR(INDEX('Fiber Cable Library'!$E$2:$E$200,MATCH(C18,'Fiber Cable Library'!$A$2:$A$200,0)),""))) | I18: =IF(AND(C18<>"",H18<>"",G18<>""),H18*G18,"")
B19: 5 | H19: =IF(C19="","",IF(C19="Custom (enter shape & dimensions at right)",IF(D19="Round",PI()*(E19/2)^2,IF(D19="Flat / Oval (elliptical)",PI()*(E19/2)*(F19/2),IF(D19="Flat (rectangular estimate)",E19*F19,""))),IFERROR(INDEX('Fiber Cable Library'!$E$2:$E$200,MATCH(C19,'Fiber Cable Library'!$A$2:$A$200,0)),""))) | I19: =IF(AND(C19<>"",H19<>"",G19<>""),H19*G19,"")
B20: 6 | H20: =IF(C20="","",IF(C20="Custom (enter shape & dimensions at right)",IF(D20="Round",PI()*(E20/2)^2,IF(D20="Flat / Oval (elliptical)",PI()*(E20/2)*(F20/2),IF(D20="Flat (rectangular estimate)",E20*F20,""))),IFERROR(INDEX('Fiber Cable Library'!$E$2:$E$200,MATCH(C20,'Fiber Cable Library'!$A$2:$A$200,0)),""))) | I20: =IF(AND(C20<>"",H20<>"",G20<>""),H20*G20,"")
B21: 7 | H21: =IF(C21="","",IF(C21="Custom (enter shape & dimensions at right)",IF(D21="Round",PI()*(E21/2)^2,IF(D21="Flat / Oval (elliptical)",PI()*(E21/2)*(F21/2),IF(D21="Flat (rectangular estimate)",E21*F21,""))),IFERROR(INDEX('Fiber Cable Library'!$E$2:$E$200,MATCH(C21,'Fiber Cable Library'!$A$2:$A$200,0)),""))) | I21: =IF(AND(C21<>"",H21<>"",G21<>""),H21*G21,"")
B22: 8 | H22: =IF(C22="","",IF(C22="Custom (enter shape & dimensions at right)",IF(D22="Round",PI()*(E22/2)^2,IF(D22="Flat / Oval (elliptical)",PI()*(E22/2)*(F22/2),IF(D22="Flat (rectangular estimate)",E22*F22,""))),IFERROR(INDEX('Fiber Cable Library'!$E$2:$E$200,MATCH(C22,'Fiber Cable Library'!$A$2:$A$200,0)),""))) | I22: =IF(AND(C22<>"",H22<>"",G22<>""),H22*G22,"")
B23: 9 | H23: =IF(C23="","",IF(C23="Custom (enter shape & dimensions at right)",IF(D23="Round",PI()*(E23/2)^2,IF(D23="Flat / Oval (elliptical)",PI()*(E23/2)*(F23/2),IF(D23="Flat (rectangular estimate)",E23*F23,""))),IFERROR(INDEX('Fiber Cable Library'!$E$2:$E$200,MATCH(C23,'Fiber Cable Library'!$A$2:$A$200,0)),""))) | I23: =IF(AND(C23<>"",H23<>"",G23<>""),H23*G23,"")
B24: 10 | H24: =IF(C24="","",IF(C24="Custom (enter shape & dimensions at right)",IF(D24="Round",PI()*(E24/2)^2,IF(D24="Flat / Oval (elliptical)",PI()*(E24/2)*(F24/2),IF(D24="Flat (rectangular estimate)",E24*F24,""))),IFERROR(INDEX('Fiber Cable Library'!$E$2:$E$200,MATCH(C24,'Fiber Cable Library'!$A$2:$A$200,0)),""))) | I24: =IF(AND(C24<>"",H24<>"",G24<>""),H24*G24,"")
B25: 11 | H25: =IF(C25="","",IF(C25="Custom (enter shape & dimensions at right)",IF(D25="Round",PI()*(E25/2)^2,IF(D25="Flat / Oval (elliptical)",PI()*(E25/2)*(F25/2),IF(D25="Flat (rectangular estimate)",E25*F25,""))),IFERROR(INDEX('Fiber Cable Library'!$E$2:$E$200,MATCH(C25,'Fiber Cable Library'!$A$2:$A$200,0)),""))) | I25: =IF(AND(C25<>"",H25<>"",G25<>""),H25*G25,"")
B26: 12 | H26: =IF(C26="","",IF(C26="Custom (enter shape & dimensions at right)",IF(D26="Round",PI()*(E26/2)^2,IF(D26="Flat / Oval (elliptical)",PI()*(E26/2)*(F26/2),IF(D26="Flat (rectangular estimate)",E26*F26,""))),IFERROR(INDEX('Fiber Cable Library'!$E$2:$E$200,MATCH(C26,'Fiber Cable Library'!$A$2:$A$200,0)),""))) | I26: =IF(AND(C26<>"",H26<>"",G26<>""),H26*G26,"")
B27: 13 | H27: =IF(C27="","",IF(C27="Custom (enter shape & dimensions at right)",IF(D27="Round",PI()*(E27/2)^2,IF(D27="Flat / Oval (elliptical)",PI()*(E27/2)*(F27/2),IF(D27="Flat (rectangular estimate)",E27*F27,""))),IFERROR(INDEX('Fiber Cable Library'!$E$2:$E$200,MATCH(C27,'Fiber Cable Library'!$A$2:$A$200,0)),""))) | I27: =IF(AND(C27<>"",H27<>"",G27<>""),H27*G27,"")
B28: 14 | H28: =IF(C28="","",IF(C28="Custom (enter shape & dimensions at right)",IF(D28="Round",PI()*(E28/2)^2,IF(D28="Flat / Oval (elliptical)",PI()*(E28/2)*(F28/2),IF(D28="Flat (rectangular estimate)",E28*F28,""))),IFERROR(INDEX('Fiber Cable Library'!$E$2:$E$200,MATCH(C28,'Fiber Cable Library'!$A$2:$A$200,0)),""))) | I28: =IF(AND(C28<>"",H28<>"",G28<>""),H28*G28,"")
B29: Totals | G29: =SUM(G15:G28) -> 6 | I29: =SUM(I15:I28) -> 0.15884835
B31: 3. Results
B32: Total number of cables | D32: =G29 -> 6
B33: Max fill allowed (%) | D33: =IF($C$8="NEC Ch.9 Table 1 (53%/31%/40%)",IF(D32=0,"",IF(D32=1,0.53,IF(D32=2,0.31,0.4))),IF($C$8="Flat 40% (typical telecom/innerduct guideline)",0.4,$C$9)) -> 0.4
B34: Conduit internal area, 100% (sq in) | D34: =C7 -> 0.832
B35: Maximum allowed fill area (sq in) | D35: =IF(OR(D33="",D34=""),"",D34*D33) -> 0.3328
B36: Total cable fill area (sq in) | D36: =I29 -> 0.15884835
B37: Actual fill (% of conduit area) | D37: =IF(OR(D34="",D34=0),"",D36/D34) -> 0.1909235
B38: Remaining capacity (sq in) | D38: =IF(D35="","",D35-D36) -> 0.17395165
B39: Status | D39: =IF(D35="","Select conduit and cables",IF(D36<=D35,"PASS - within allowed fill","FAIL - exceeds allowed fill")) -> PASS - within allowed fill
B41: Note: rows below are examples using library entries. Replace with your own cables. For flat-drop cable, "Custom" with datasheet dimensions is more accurate than the library estimates.

Sheet Conduit Data
A1: Label | B1: Conduit / Innerduct Type | C1: Trade Size | D1: Internal Area, 100% (sq in)
A2: EMT — 1/2" | B2: EMT | C2: 1/2" | D2: 0.304
A3: EMT — 3/4" | B3: EMT | C3: 3/4" | D3: 0.533
A4: EMT — 1" | B4: EMT | C4: 1" | D4: 0.864
A5: EMT — 1-1/4" | B5: EMT | C5: 1-1/4" | D5: 1.496
A6: EMT — 1-1/2" | B6: EMT | C6: 1-1/2" | D6: 2.036
A7: EMT — 2" | B7: EMT | C7: 2" | D7: 3.356
A8: EMT — 2-1/2" | B8: EMT | C8: 2-1/2" | D8: 5.858
A9: EMT — 3" | B9: EMT | C9: 3" | D9: 8.846
A10: EMT — 3-1/2" | B10: EMT | C10: 3-1/2" | D10: 11.545
A11: EMT — 4" | B11: EMT | C11: 4" | D11: 14.753
A12: ENT — 1/2" | B12: ENT | C12: 1/2" | D12: 0.285
A13: ENT — 3/4" | B13: ENT | C13: 3/4" | D13: 0.508
... A63: HDPE Conduit/Innerduct, SDR 13.5 (typical) — 2" | B63: HDPE Conduit/Innerduct, SDR 13.5 (typical) | C63: 2" | D63: 1.909
A65: EMT / ENT / RMC / PVC Schedule 40 & 80: NEC Chapter 9, Table 4 (2020 NEC) — commonly published reference figures. Verify against the current NEC edition and local amendments.
A66: HDPE conduit/innerduct rows are TYPICAL/EXAMPLE inside-diameter areas only — actual ID varies by manufacturer and SDR/wall-thickness rating. Confirm the true ID from your conduit's spec sheet and edit these rows (or add new ones) before relying on the result.

Sheet Fiber Cable Library
A1: Label | B1: Shape | C1: Dim 1 - width/dia (in) | D1: Dim 2 - height (in) | E1: Area (sq in)
A2: Flat Drop, 2F, approx. 2.0mm x 5.0mm (example) | B2: Flat / Oval (elliptical) | C2: 0.079 | D2: 0.197 | E2: =PI()*(C2/2)*(D2/2) -> 0.012223152
A3: Flat Drop, 4F, approx. 2.0mm x 5.8mm (example) | B3: Flat / Oval (elliptical) | C3: 0.079 | D3: 0.228 | E3: =PI()*(C3/2)*(D3/2) -> 0.014146592
A4: Flat Drop, 6-8F, approx. 2.5mm x 6.5mm (example) | B4: Flat / Oval (elliptical) | C4: 0.098 | D4: 0.256 | E4: =PI()*(C4/2)*(D4/2) -> 0.019704069
A5: Flat Drop, 12F, approx. 3.0mm x 8.0mm (example) | B5: Flat / Oval (elliptical) | C5: 0.118 | D5: 0.315 | E5: =PI()*(C5/2)*(D5/2) -> 0.02919325
A6: Round Self-Support Drop (fig-8), approx. 5.0-8.0mm od (example) | B6: Round | C6: 0.256 | E6: =PI()*(C6/2)^2 -> 0.051471854
A7: Round Simplex Drop, approx. 3.0mm od (example) | B7: Round | C7: 0.118 | E7: =PI()*(C7/2)^2 -> 0.010935884
A8: Round Micro Drop, approx. 2.0mm od (example) | B8: Round | C8: 0.079 | E8: =PI()*(C8/2)^2 -> 0.0049016699
A9: Custom (enter shape & dimensions at right) | B9: Enter on main tab
A11: EXAMPLE DIMENSIONS ONLY. Flat-drop and drop-cable cross sections vary significantly by manufacturer and fiber count and are NOT standardized like copper conductor tables. These rows are illustrative starting points; always confirm exact width x height (or diameter) from the specific cable's datasheet, and edit or add rows here — or use "Custom (enter shape & dimensions at right)" on the main tab — with the real dimensions before relying on this calculator.
A13: Flat/oval cross sections are approximated as an ellipse (Area = pi x (width/2) x (height/2)). This is a reasonable industry approximation for a rounded flat-drop jacket; for a more conservative (larger) estimate, use the "Flat (rectangular estimate)" shape option instead, which uses Area = width x height.

Sheet Instructions
B2: How to use this workbook
B4: 1. Select conduit/innerduct
B5: On the "Fiber Fill Calculator" tab, choose the conduit or innerduct type and trade size from the yellow dropdown in cell C6.
B7: 2. Choose a fill basis
B8: Cell C8 sets the maximum allowed fill percentage: the NEC Chapter 9, Table 1 curve (53% for 1 cable, 31% for 2, 40% for 3+, the same ratios used for electrical conductors), a flat 40% (a common telecom/innerduct rule of thumb), or a Custom % you set in C9 (e.g. some innerduct manufacturers or project specs call for a different max, such as 50-60% for cell-type innerduct).
B10: 3. List cables
B11: In the yellow/orange table, pick each cable from the library dropdown, or select "Custom (enter shape & dimensions at right)" and fill in the orange Shape/Dim 1/Dim 2 cells yourself using the exact cross-section from the cable's datasheet. Enter the quantity of that cable. Two example rows are pre-filled — replace them with your own cables and clear unused rows.
B13: 4. Read results
B14: The Results section shows total cable fill area, the maximum area allowed, the actual fill percentage, remaining capacity, and a PASS/FAIL status.
B16: 5. Adjust as needed
B17: If the status is FAIL, remove/relocate cables or choose a larger conduit/innerduct in C6 until the status reads PASS.
B19: Why fiber is different from copper conductor fill
... B26: Always confirm conduit/innerduct internal dimensions and cable cross-section dimensions from manufacturer datasheets, and confirm the fill percentage your project/authority having jurisdiction requires, before relying on this calculation for an actual installation.
